<?xml version="1.0" encoding="UTF-8"?>
<project-private xmlns="http://www.netbeans.org/ns/project-private/1">
    <editor-bookmarks xmlns="http://www.netbeans.org/ns/editor-bookmarks/2" lastBookmarkId="0"/>
    <open-files xmlns="http://www.netbeans.org/ns/projectui-open-files/2">
        <group>
            <file>file:/C:/Users/dat07/OneDrive/Documents/NetBeansProjects/CRUD%20TH/src/conne/sql.java</file>
            <file>file:/C:/Users/dat07/OneDrive/Documents/NetBeansProjects/CRUD%20TH/src/sevice/Thuonghieu.java</file>
            <file>file:/C:/Users/dat07/OneDrive/Documents/NetBeansProjects/CRUD%20TH/src/conne/url.java</file>
            <file>file:/C:/Users/dat07/OneDrive/Documents/NetBeansProjects/CRUD%20TH/src/view/main.java</file>
        </group>
    </open-files>
</project-private>
